"[0.894174, 0.883472, 0.832342, 0.894174, 0.895363, 0.832342, 0.884661, 0.889417, 0.894174, 0.871581, 0.859691, 0.922711, 0.894174, 0.87396, 0.883472, 0.888228, 0.91201, 0.900119, 0.891795, 0.929845, 0.928656, 0.883472, 0.832342, 0.857313, 0.794293, 0.927467, 0.894174, 0.889417, 0.928656, 0.815696, 0.832342, 0.928656, 0.872771, 0.796671, 0.834721, 0.884661, 0.894174, 0.883472, 0.869203, 0.879905, 0.896552, 0.857313, 0.859691, 0.883472, 0.87396, 0.878716, 0.915577, 0.926278, 0.894174, 0.832342, 0.908442, 0.891795, 0.87396, 0.883472, 0.826397, 0.884661, 0.897741, 0.859691, 0.859691, 0.839477, 0.931034, 0.889417, 0.891795, 0.884661, 0.894174, 0.850178, 0.894174, 0.906064, 0.889417, 0.857313, 0.839477, 0.904875, 0.920333, 0.894174, 0.839477, 0.832342, 0.894174, 0.890606, 0.883472, 0.926278, 0.859691, 0.865636, 0.832342, 0.908442, 0.903686, 0.897741, 0.927467, 0.894174, 0.878716, 0.926278, 0.796671, 0.870392, 0.931034, 0.892985, 0.832342, 0.900119, 0.901308, 0.908442, 0.897741, 0.897741, 0.894174, 0.904875, 0.884661, 0.926278, 0.894174, 0.894174, 0.894174, 0.927467, 0.894174, 0.832342, 0.883472, 0.888228, 0.895363, 0.928656, 0.908442, 0.796671, 0.894174, 0.832342, 0.889417, 0.926278, 0.894174, 0.884661, 0.891795, 0.857313, 0.832342, 0.796671, 0.91201, 0.870392, 0.889417, 0.903686, 0.926278, 0.894174, 0.889417, 0.883472, 0.879905, 0.88585, 0.889417, 0.884661, 0.832342, 0.922711, 0.897741, 0.871581, 0.894174, 0.890606, 0.926278, 0.926278, 0.900119, 0.810939, 0.86088, 0.894174, 0.806183, 0.931034, 0.927467, 0.894174, 0.903686, 0.926278, 0.892985, 0.919144, 0.903686, 0.815696, 0.832342, 0.894174, 0.894174, 0.882283, 0.900119, 0.894174, 0.87396, 0.879905, 0.86088, 0.894174, 0.894174, 0.904875, 0.897741, 0.892985, 0.839477, 0.888228, 0.832342, 0.931034, 0.901308, 0.891795, 0.928656, 0.915577, 0.865636, 0.832342, 0.87396, 0.894174, 0.883472, 0.927467, 0.891795, 0.889417, 0.928656, 0.857313, 0.890606, 0.894174, 0.832342, 0.884661, 0.891795, 0.871581, 0.883472, 0.926278]","[0.929666, 0.926961, 0.928765, 0.930568, 0.913436, 0.926961, 0.927863, 0.908927, 0.928765, 0.918846, 0.917944, 0.926961, 0.920649, 0.928765, 0.927863, 0.927863, 0.928765, 0.919748, 0.927863, 0.930568, 0.924256, 0.914337, 0.924256, 0.914337, 0.917042, 0.930568, 0.92606, 0.917944, 0.926961, 0.92606, 0.930568, 0.930568, 0.924256, 0.915239, 0.930568, 0.928765, 0.930568, 0.917042, 0.928765, 0.930568, 0.928765, 0.928765, 0.924256, 0.924256, 0.928765, 0.928765, 0.930568, 0.928765, 0.924256, 0.930568, 0.918846, 0.922453, 0.917944, 0.908927, 0.920649, 0.917944, 0.926961, 0.925158, 0.930568, 0.930568, 0.930568, 0.918846, 0.924256, 0.917944, 0.930568, 0.917042, 0.926961, 0.930568, 0.927863, 0.912534, 0.926961, 0.918846, 0.926961, 0.918846, 0.930568, 0.930568, 0.930568, 0.930568, 0.930568, 0.928765, 0.92606, 0.929666, 0.917944, 0.927863, 0.917944, 0.918846, 0.924256, 0.924256, 0.930568, 0.930568, 0.930568, 0.930568, 0.917042, 0.918846, 0.930568, 0.928765, 0.924256, 0.920649, 0.926961, 0.930568, 0.918846, 0.928765, 0.914337, 0.928765, 0.926961, 0.918846, 0.930568, 0.917944, 0.92606, 0.930568, 0.929666, 0.930568, 0.92606, 0.928765, 0.920649, 0.928765, 0.917944, 0.917944, 0.92606, 0.927863, 0.92606, 0.918846, 0.920649, 0.918846, 0.930568, 0.918846, 0.930568, 0.927863, 0.919748, 0.924256, 0.927863, 0.92606, 0.930568, 0.924256, 0.922453, 0.930568, 0.930568, 0.913436, 0.914337, 0.930568, 0.933273, 0.930568, 0.927863, 0.930568, 0.928765, 0.930568, 0.919748, 0.918846, 0.917944, 0.930568, 0.926961, 0.927863, 0.928765, 0.926961, 0.917944, 0.920649, 0.929666, 0.919748, 0.918846, 0.930568, 0.930568, 0.930568, 0.912534, 0.928765, 0.930568, 0.930568, 0.930568, 0.920649, 0.922453, 0.928765, 0.923354, 0.927863, 0.929666, 0.917944, 0.918846, 0.930568, 0.930568, 0.914337, 0.928765, 0.917944, 0.930568, 0.928765, 0.930568, 0.930568, 0.921551, 0.930568, 0.928765, 0.914337, 0.926961, 0.928765, 0.930568, 0.914337, 0.930568, 0.930568, 0.917944, 0.930568, 0.917944, 0.930568, 0.930568, 0.930568]"
"[0.503597, 0.503597, 0.746403, 0.503597, 1.0, 0.98741, 0.503597, 0.874101, 0.82554, 1.0, 0.5, 0.503597, 0.746403, 0.685252, 0.920863, 1.0, 0.47482, 0.503597, 0.746403, 0.69964, 0.746403, 0.503597, 0.746403, 1.0, 1.0, 1.0, 0.633094, 0.503597, 0.624101, 0.503597, 0.920863, 0.715827, 0.746403, 0.843525, 0.685252, 0.483813, 0.746403, 0.469424, 1.0, 0.5, 0.746403, 0.746403, 0.503597, 0.503597, 0.98741, 1.0, 0.503597, 0.503597, 0.464029, 0.746403, 0.503597, 0.685252, 0.746403, 0.98741, 0.746403, 0.5, 0.746403, 1.0, 1.0, 0.492806, 0.473022, 0.685252, 0.746403, 0.503597, 1.0, 0.503597, 0.503597, 0.983813, 0.640288, 0.498201, 0.442446, 0.746403, 0.746403, 0.922662, 0.798561, 0.978417, 1.0, 0.685252, 0.746403, 0.746403, 0.746403, 0.485612, 0.611511, 0.503597, 1.0, 1.0, 0.746403, 0.530576, 0.746403, 0.920863, 0.503597, 0.985612, 0.746403, 0.746403, 0.746403, 0.920863, 0.503597, 0.922662, 0.503597, 1.0, 0.544964, 0.588129, 0.503597, 0.746403, 0.491007, 0.503597, 0.98741, 1.0, 1.0, 0.746403, 0.503597, 0.624101, 0.503597, 0.746403, 0.503597, 0.503597, 0.920863, 0.46223, 0.503597, 1.0, 0.503597, 0.503597, 0.503597, 1.0, 0.447842, 0.782374, 0.570144, 0.746403, 0.906475, 0.683453, 0.503597, 0.746403, 0.73741, 0.503597, 0.44964, 0.503597, 0.784173, 0.460432, 0.746403, 0.503597, 0.989209, 0.503597, 0.465827, 0.471223, 0.503597, 0.503597, 0.447842, 0.660072, 0.503597, 0.965827, 0.503597, 0.503597, 0.543165, 0.978417, 0.489209, 0.746403, 1.0, 1.0, 0.491007, 0.746403, 0.746403, 1.0, 0.503597, 0.503597, 0.503597, 0.503597, 0.685252, 1.0, 0.503597, 0.746403, 0.953237, 0.5, 0.746403, 1.0, 1.0, 0.746403, 0.685252, 0.489209, 0.746403, 0.685252, 1.0, 0.56295, 0.920863, 1.0, 0.746403, 0.503597, 0.503597, 0.746403, 0.920863, 1.0, 0.708633, 0.746403, 1.0, 0.503597, 0.985612, 0.446043, 0.73741, 0.746403, 0.503597, 1.0]","[0.657238, 0.650582, 0.655574, 0.637271, 0.65391, 0.652246, 0.657238, 0.657238, 0.657238, 0.65391, 0.65391, 0.657238, 0.657238, 0.657238, 0.657238, 0.846922, 0.65391, 0.657238, 0.657238, 0.628952, 0.657238, 0.65391, 0.65391, 0.625624, 0.652246, 0.657238, 0.657238, 0.657238, 0.702163, 0.657238, 0.728785, 0.657238, 0.657238, 0.860233, 0.652246, 0.657238, 0.657238, 0.657238, 0.860233, 0.657238, 0.657238, 0.65391, 0.657238, 0.657238, 0.652246, 0.657238, 0.657238, 0.65391, 0.637271, 0.830283, 0.657238, 0.622296, 0.65391, 0.657238, 0.860233, 0.8203, 0.65391, 0.657238, 0.657238, 0.657238, 0.985025, 0.655574, 0.65391, 0.657238, 0.65391, 0.657238, 0.657238, 0.65391, 0.648918, 0.657238, 0.860233, 0.860233, 0.860233, 0.657238, 0.65391, 0.65391, 0.860233, 0.643927, 0.860233, 0.657238, 0.657238, 0.655574, 0.638935, 0.860233, 0.657238, 0.657238, 0.860233, 0.657238, 0.647255, 0.657238, 0.657238, 0.770383, 0.657238, 0.657238, 0.657238, 0.826955, 0.652246, 0.657238, 0.657238, 0.657238, 0.657238, 0.637271, 0.657238, 0.652246, 0.65391, 0.657238, 0.860233, 1.0, 0.657238, 0.655574, 0.65391, 0.657238, 0.650582, 0.65391, 0.65391, 0.657238, 0.655574, 0.635607, 0.657238, 0.657238, 0.860233, 0.657238, 0.836938, 0.707155, 0.903494, 0.657238, 0.638935, 0.638935, 0.650582, 0.657238, 0.657238, 0.657238, 0.657238, 0.657238, 0.657238, 0.906822, 1.0, 0.65391, 0.657238, 0.860233, 0.657238, 0.657238, 0.657238, 0.65391, 0.642263, 0.860233, 0.630616, 0.655574, 0.65391, 0.635607, 0.657238, 0.65391, 0.650582, 0.836938, 0.657238, 0.657238, 0.860233, 0.652246, 0.657238, 0.657238, 0.657238, 0.65391, 0.65391, 0.655574, 0.657238, 0.846922, 0.806988, 0.860233, 0.645591, 0.657238, 0.860233, 0.860233, 0.860233, 0.860233, 0.85025, 0.657238, 0.65391, 0.657238, 0.843594, 0.860233, 0.657238, 0.860233, 0.845258, 0.860233, 0.65391, 0.648918, 0.780366, 0.657238, 0.657238, 0.657238, 0.658902, 0.657238, 0.657238, 0.65391, 0.655574, 0.652246, 0.798669, 0.657238, 0.657238, 0.657238]"
"[0.496403, 0.496403, 0.746403, 0.496403, 0.496403, 0.746403, 0.746403, 0.832734, 0.496403, 0.773381, 0.714029, 0.746403, 0.746403, 0.816547, 0.496403, 0.746403, 0.746403, 0.496403, 0.496403, 0.496403, 0.496403, 0.746403, 0.496403, 0.746403, 0.746403, 0.496403, 0.496403, 0.746403, 0.746403, 0.746403, 0.746403, 0.496403, 0.496403, 0.496403, 0.496403, 0.496403, 0.496403, 0.496403, 0.746403, 0.746403, 0.746403, 0.746403, 0.496403, 0.746403, 0.496403, 0.496403, 0.496403, 0.496403, 0.496403, 0.746403, 0.746403, 0.496403, 0.496403, 0.746403, 0.496403, 0.584532, 0.496403, 0.746403, 0.746403, 0.746403, 0.814748, 0.746403, 0.811151, 0.496403, 0.80036, 0.746403, 0.746403, 0.746403, 0.823741, 0.746403, 0.746403, 0.746403, 0.496403, 0.773381, 0.746403, 0.496403, 0.496403, 0.496403, 0.496403, 0.746403, 0.746403, 0.496403, 0.760791, 0.746403, 0.746403, 0.496403, 0.496403, 0.496403, 0.496403, 0.746403, 0.816547, 0.496403, 0.746403, 0.660072, 0.496403, 0.746403, 0.714029, 0.746403, 0.746403, 0.746403, 0.496403, 0.496403, 0.746403, 0.496403, 0.746403, 0.496403, 0.496403, 0.496403, 0.496403, 0.496403, 0.746403, 0.746403, 0.746403, 0.496403, 0.746403, 0.746403, 0.496403, 0.746403, 0.746403, 0.746403, 0.496403, 0.496403, 0.814748, 0.496403, 0.746403, 0.746403, 0.496403, 0.496403, 0.746403, 0.496403, 0.496403, 0.746403, 0.746403, 0.496403, 0.746403, 0.746403, 0.75, 0.496403, 0.746403, 0.746403, 0.746403, 0.746403, 0.496403, 0.746403, 0.746403, 0.746403, 0.496403, 0.746403, 0.496403, 0.496403, 0.496403, 0.53777, 0.496403, 0.496403, 0.746403, 0.746403, 0.785971, 0.496403, 0.496403, 0.496403, 0.746403, 0.746403, 0.746403, 0.746403, 0.746403, 0.746403, 0.746403, 0.746403, 0.746403, 0.746403, 0.746403, 0.516187, 0.832734, 0.496403, 0.760791, 0.746403, 0.820144, 0.496403, 0.496403, 0.496403, 0.496403, 0.746403, 0.746403, 0.496403, 0.746403, 0.746403, 0.496403, 0.746403, 0.496403, 0.496403, 0.516187, 0.746403, 0.496403, 0.496403, 0.746403, 0.496403, 0.746403, 0.496403, 0.496403, 0.496403]","[0.653445, 0.653445, 0.653445, 0.699374, 0.653445, 0.653445, 0.653445, 0.653445, 0.653445, 0.653445, 0.652401, 0.653445, 0.653445, 0.653445, 0.653445, 0.653445, 0.653445, 0.699374, 0.653445, 0.653445, 0.653445, 0.653445, 0.653445, 0.653445, 0.651357, 0.653445, 0.653445, 0.653445, 0.653445, 0.653445, 0.653445, 0.653445, 0.653445, 0.653445, 0.653445, 0.653445, 0.653445, 0.653445, 0.653445, 0.653445, 0.653445, 0.652401, 0.653445, 0.653445, 0.653445, 0.653445, 0.653445, 0.708768, 0.653445, 0.653445, 0.653445, 0.653445, 0.653445, 0.653445, 0.699374, 0.653445, 0.653445, 0.653445, 0.653445, 0.653445, 0.699374, 0.653445, 0.653445, 0.653445, 0.653445, 0.699374, 0.653445, 0.653445, 0.653445, 0.653445, 0.653445, 0.699374, 0.653445, 0.699374, 0.653445, 0.653445, 0.653445, 0.653445, 0.653445, 0.653445, 0.653445, 0.653445, 0.653445, 0.651357, 0.653445, 0.653445, 0.653445, 0.653445, 0.653445, 0.653445, 0.653445, 0.653445, 0.699374, 0.653445, 0.653445, 0.653445, 0.653445, 0.653445, 0.653445, 0.653445, 0.653445, 0.653445, 0.653445, 0.653445, 0.653445, 0.888309, 0.653445, 0.653445, 0.653445, 0.653445, 0.653445, 0.653445, 0.653445, 0.668058, 0.653445, 0.653445, 0.653445, 0.653445, 0.652401, 0.653445, 0.653445, 0.653445, 0.653445, 0.699374, 0.653445, 0.653445, 0.653445, 0.653445, 0.653445, 0.653445, 0.653445, 0.653445, 0.699374, 0.653445, 0.653445, 0.653445, 0.699374, 0.653445, 0.653445, 0.668058, 0.653445, 0.653445, 0.653445, 0.696242, 0.653445, 0.653445, 0.668058, 0.653445, 0.653445, 0.653445, 0.653445, 0.653445, 0.653445, 0.653445, 0.653445, 0.653445, 0.653445, 0.653445, 0.653445, 0.653445, 0.653445, 0.653445, 0.653445, 0.653445, 0.653445, 0.653445, 0.653445, 0.653445, 0.653445, 0.653445, 0.689979, 0.653445, 0.653445, 0.653445, 0.653445, 0.653445, 0.653445, 0.653445, 0.653445, 0.696242, 0.653445, 0.653445, 0.653445, 0.653445, 0.653445, 0.662839, 0.653445, 0.653445, 0.653445, 0.699374, 0.699374, 0.653445, 0.758873, 0.653445, 0.653445, 0.653445, 0.668058, 0.653445, 0.653445, 0.653445]"
"[0.551202, 0.551202, 0.551202, 0.551202, 0.551202, 0.551202, 0.551202, 0.551202, 0.551202, 0.551202, 0.551202, 0.551202, 0.551202, 0.551202, 0.551202, 0.592256, 0.551202, 0.551202, 0.551202, 0.551202, 0.551202, 0.551202, 0.551202, 0.551202, 0.551202, 0.551202, 0.551202, 0.644393, 0.551202, 0.551202, 0.551202, 0.551202, 0.551202, 0.551202, 0.551202, 0.551202, 0.551202, 0.551202, 0.551202, 0.551202, 0.551202, 0.551202, 0.551202, 0.551202, 0.551202, 0.551202, 0.551202, 0.592256, 0.551202, 0.551202, 0.551202, 0.551202, 0.551202, 0.551202, 0.551202, 0.551202, 0.551202, 0.551202, 0.551202, 0.551202, 0.551202, 0.551202, 0.551202, 0.551202, 0.551202, 0.551202, 0.551202, 0.551202, 0.551202, 0.551202, 0.551202, 0.551202, 0.551202, 0.551202, 0.551202, 0.551202, 0.747196, 0.592256, 0.551202, 0.670561, 0.551202, 0.657744, 0.551202, 0.551202, 0.551202, 0.551202, 0.551202, 0.551202, 0.551202, 0.551202, 0.551202, 0.551202, 0.551202, 0.551202, 0.551202, 0.551202, 0.551202, 0.551202, 0.551202, 0.551202, 0.551202, 0.551202, 0.551202, 0.551202, 0.551202, 0.551202, 0.551202, 0.551202, 0.551202, 0.551202, 0.551202, 0.734045, 0.551202, 0.765487, 0.551202, 0.551202, 0.649533, 0.551202, 0.551202, 0.551202, 0.551202, 0.551202, 0.551202, 0.551202, 0.551202, 0.551202, 0.551202, 0.551202, 0.551202, 0.551202, 0.551202, 0.551202, 0.551202, 0.551202, 0.551202, 0.551202, 0.551202, 0.551202, 0.551202, 0.551202, 0.551202, 0.551202, 0.551202, 0.551202, 0.551202, 0.551202, 0.551202, 0.551202, 0.707677, 0.551202, 0.551202, 0.551202, 0.592256, 0.551202, 0.551202, 0.551202, 0.551202, 0.551202, 0.551202, 0.551202, 0.551202, 0.551202, 0.551202, 0.551202, 0.551202, 0.551202, 0.551202, 0.551202, 0.551202, 0.551202, 0.551202, 0.551202, 0.551202, 0.551202, 0.790921, 0.551202, 0.551202, 0.551202, 0.616956, 0.551202, 0.551202, 0.551202, 0.551202, 0.551202, 0.551202, 0.551202, 0.551202, 0.551202, 0.551202, 0.551202, 0.551202, 0.551202, 0.551202, 0.551202, 0.551202, 0.551202, 0.69032, 0.551202, 0.761682, 0.551202]","[0.7, 0.7, 0.7, 0.7, 0.698, 0.7, 0.7, 0.7, 0.7, 0.7, 0.7, 0.7, 0.7, 0.7, 0.7, 0.7, 0.738, 0.7, 0.7, 0.7, 0.7, 0.7, 0.7, 0.7, 0.7, 0.723, 0.7, 0.7, 0.7, 0.7, 0.7, 0.7, 0.736, 0.7, 0.7, 0.7, 0.7, 0.7, 0.7, 0.7, 0.7, 0.7, 0.7, 0.7, 0.7, 0.7, 0.7, 0.7, 0.7, 0.7, 0.7, 0.7, 0.7, 0.7, 0.7, 0.7, 0.7, 0.7, 0.7, 0.7, 0.7, 0.707, 0.7, 0.7, 0.7, 0.7, 0.7, 0.7, 0.7, 0.7, 0.7, 0.7, 0.7, 0.7, 0.7, 0.7, 0.7, 0.7, 0.7, 0.7, 0.7, 0.7, 0.7, 0.7, 0.7, 0.7, 0.7, 0.732, 0.7, 0.7, 0.7, 0.7, 0.7, 0.7, 0.7, 0.7, 0.7, 0.7, 0.7, 0.7, 0.7, 0.7, 0.7, 0.724, 0.7, 0.7, 0.7, 0.7, 0.7, 0.7, 0.7, 0.7, 0.7, 0.7, 0.7, 0.701, 0.7, 0.7, 0.7, 0.7, 0.7, 0.7, 0.7, 0.7, 0.7, 0.7, 0.7, 0.7, 0.7, 0.7, 0.7, 0.7, 0.7, 0.7, 0.7, 0.7, 0.7, 0.7, 0.7, 0.7, 0.7, 0.7, 0.7, 0.7, 0.7, 0.7, 0.7, 0.7, 0.7, 0.7, 0.7, 0.7, 0.7, 0.7, 0.7, 0.7, 0.7, 0.7, 0.7, 0.7, 0.7, 0.7, 0.7, 0.738, 0.7, 0.7, 0.7, 0.7, 0.7, 0.7, 0.7, 0.7, 0.7, 0.7, 0.7, 0.7, 0.7, 0.7, 0.733, 0.7, 0.7, 0.7, 0.7, 0.7, 0.7, 0.7, 0.7, 0.7, 0.743, 0.7, 0.7, 0.7, 0.7, 0.7, 0.7, 0.7, 0.7, 0.739, 0.7, 0.7]"
"[0.883015, 0.883347, 0.883015, 0.883015, 0.901263, 0.883015, 0.883015, 0.883015, 0.883015, 0.890093, 0.883015, 0.900821, 0.883015, 0.883015, 0.883015, 0.883015, 0.883015, 0.883015, 0.883015, 0.883015, 0.883015, 0.901042, 0.899383, 0.892725, 0.883015, 0.883015, 0.883015, 0.886399, 0.883258, 0.883015, 0.883015, 0.899206, 0.898432, 0.883015, 0.895955, 0.883015, 0.883015, 0.883015, 0.883015, 0.883612, 0.897237, 0.90144, 0.883015, 0.883015, 0.887948, 0.883015, 0.887107, 0.883015, 0.883015, 0.883015, 0.883015, 0.898609, 0.883015, 0.883015, 0.883015, 0.883015, 0.883015, 0.901285, 0.883015, 0.883015, 0.901351, 0.882993, 0.89925, 0.883015, 0.883015, 0.900931, 0.883015, 0.898388, 0.883015, 0.896684, 0.889761, 0.893898, 0.883015, 0.883015, 0.891553, 0.882971, 0.883966, 0.883015, 0.883015, 0.901307, 0.883015, 0.883015, 0.883015, 0.883015, 0.883015, 0.883082, 0.883015, 0.883015, 0.883015, 0.883015, 0.883015, 0.883015, 0.883015, 0.883015, 0.901374, 0.901307, 0.901152, 0.901418, 0.901462, 0.901374, 0.883015, 0.883015, 0.883015, 0.89925, 0.885426, 0.883015, 0.883015, 0.883015, 0.883015, 0.900511, 0.883015, 0.883015, 0.883015, 0.883015, 0.883015, 0.883015, 0.883015, 0.901351, 0.883015, 0.883015, 0.883015, 0.883015, 0.883104, 0.883015, 0.895335, 0.901174, 0.893787, 0.883015, 0.883015, 0.883015, 0.883015, 0.883015, 0.883015, 0.883015, 0.883015, 0.901462, 0.883015, 0.883015, 0.883015, 0.883015, 0.883015, 0.886621, 0.901285, 0.883015, 0.888368, 0.890823, 0.883015, 0.883015, 0.883015, 0.883015, 0.883015, 0.883015, 0.883015, 0.883015, 0.883015, 0.883015, 0.883015, 0.883015, 0.898963, 0.883015, 0.899892, 0.900422, 0.900843, 0.900776, 0.900843, 0.900865, 0.900909, 0.901174, 0.901197, 0.901174, 0.90102, 0.901219, 0.884055, 0.883015, 0.882993, 0.896707, 0.901152, 0.883015, 0.890469, 0.883015, 0.883015, 0.883015, 0.883701, 0.883015, 0.899184, 0.887859, 0.883015, 0.896751, 0.883015, 0.883015, 0.900622, 0.883015, 0.883015, 0.899007, 0.883015, 0.895733, 0.883015, 0.901241, 0.901351, 0.901484]","[0.5, 0.5, 0.615385, 0.611154, 0.5, 0.5, 0.5, 0.5, 0.5, 0.5, 0.5, 0.572692, 0.617692, 0.5, 0.5, 0.616538, 0.5, 0.5, 0.5, 0.617692, 0.615769, 0.5, 0.616923, 0.575, 0.5, 0.602308, 0.565, 0.5, 0.566923, 0.619231, 0.568077, 0.5, 0.5, 0.5, 0.603077, 0.5, 0.5, 0.5, 0.5, 0.5, 0.5, 0.576538, 0.5, 0.5, 0.616538, 0.605, 0.561154, 0.562308, 0.5, 0.616154, 0.571154, 0.564231, 0.570769, 0.5, 0.5, 0.611154, 0.618846, 0.578077, 0.562692, 0.5, 0.618846, 0.564615, 0.5, 0.5, 0.616154, 0.58, 0.616154, 0.618846, 0.5, 0.572692, 0.5, 0.5, 0.5, 0.5, 0.5, 0.5, 0.583846, 0.573462, 0.5, 0.5, 0.5, 0.5, 0.5, 0.594231, 0.567692, 0.571154, 0.5, 0.5, 0.5, 0.5, 0.566154, 0.569231, 0.563846, 0.561538, 0.5, 0.5, 0.601923, 0.571923, 0.566154, 0.587692, 0.596154, 0.5, 0.617692, 0.573846, 0.5, 0.5, 0.5, 0.5, 0.5, 0.5, 0.611538, 0.610769, 0.568846, 0.5, 0.5, 0.5, 0.5, 0.593077, 0.5, 0.5, 0.615385, 0.5, 0.5, 0.573462, 0.568077, 0.569615, 0.5, 0.5, 0.5, 0.5, 0.5, 0.5, 0.568846, 0.561154, 0.574615, 0.5, 0.5, 0.573462, 0.5, 0.5, 0.616538, 0.567308, 0.5, 0.5, 0.5, 0.5, 0.5, 0.5, 0.565, 0.57, 0.5, 0.5, 0.5, 0.598077, 0.5, 0.508462, 0.5, 0.591538, 0.5, 0.5, 0.5, 0.616538, 0.5, 0.5, 0.586538, 0.567692, 0.617692, 0.5, 0.566538, 0.5, 0.5, 0.5, 0.602308, 0.5, 0.585385, 0.5, 0.5, 0.5, 0.615385, 0.5, 0.5, 0.5, 0.5, 0.5, 0.5, 0.5, 0.567692, 0.586538, 0.561154, 0.5, 0.602692, 0.5, 0.5, 0.577692, 0.616923, 0.567692, 0.566154, 0.571538, 0.567692, 0.5]"
"[0.963216, 0.987807, 0.957843, 0.967555, 0.982228, 0.971275, 0.951643, 0.967349, 0.984294, 0.94751, 0.969209, 0.970448, 0.978715, 0.983881, 0.967555, 0.94751, 0.985121, 0.984708, 0.967142, 0.969828, 0.970655, 0.947097, 0.985741, 0.970035, 0.970035, 0.94751, 0.979128, 0.946477, 0.967349, 0.946063, 0.94751, 0.970242, 0.967762, 0.967142, 0.980988, 0.976648, 0.982848, 0.970035, 0.971895, 0.967349, 0.970035, 0.987601, 0.967555, 0.970242, 0.969002, 0.983261, 0.984501, 0.967555, 0.979541, 0.967762, 0.974788, 0.946063, 0.947716, 0.967555, 0.987807, 0.946063, 0.970242, 0.967555, 0.969622, 0.985741, 0.982021, 0.973342, 0.945857, 0.982641, 0.970655, 0.969828, 0.978921, 0.976648, 0.965075, 0.969209, 0.976648, 0.983054, 0.973962, 0.952263, 0.946063, 0.973135, 0.946063, 0.95185, 0.976648, 0.974582, 0.947716, 0.955983, 0.967142, 0.964869, 0.967349, 0.952056, 0.964042, 0.967349, 0.967349, 0.960529, 0.952883, 0.947716, 0.947716, 0.950196, 0.965695, 0.964249, 0.947923, 0.966522, 0.966935, 0.945857, 0.970035, 0.985948, 0.970242, 0.970242, 0.988014, 0.988221, 0.970242, 0.967555, 0.970035, 0.970242, 0.970448, 0.970862, 0.979128, 0.984501, 0.982848, 0.971068, 0.980161, 0.967555, 0.947097, 0.967349, 0.967762, 0.980988, 0.970035, 0.95185, 0.970862, 0.950403, 0.965902, 0.95185, 0.970242, 0.981401, 0.968795, 0.951643, 0.966935, 0.970035, 0.979128, 0.970655, 0.970035, 0.94689, 0.967349, 0.987601, 0.970035, 0.952263, 0.95185, 0.983468, 0.947097, 0.986361, 0.982434, 0.982848, 0.94751, 0.984708, 0.946063, 0.970035, 0.978508, 0.95061, 0.987807, 0.947097, 0.970448, 0.970448, 0.979748, 0.971275, 0.966935, 0.946683, 0.969209, 0.95247, 0.970242, 0.964662, 0.966935, 0.978715, 0.946063, 0.987187, 0.981401, 0.966935, 0.987601, 0.986567, 0.947303, 0.967555, 0.986774, 0.982228, 0.983674, 0.970655, 0.946063, 0.966935, 0.946063, 0.985328, 0.985328, 0.986361, 0.957016, 0.977681, 0.967555, 0.983261, 0.983468, 0.946477, 0.969622, 0.967555, 0.969828, 0.970448, 0.967969, 0.966935, 0.970242, 0.968175]","[0.843744, 0.843873, 0.844902, 0.843422, 0.842715, 0.843294, 0.84413, 0.843294, 0.84368, 0.84265, 0.842715, 0.877581, 0.842779, 0.842136, 0.843487, 0.84265, 0.842972, 0.843937, 0.842586, 0.84265, 0.84265, 0.842715, 0.860663, 0.858089, 0.762303, 0.842522, 0.885365, 0.806176, 0.880412, 0.842457, 0.774011, 0.842457, 0.862592, 0.866645, 0.872564, 0.872371, 0.845352, 0.79228, 0.851528, 0.775876, 0.704021, 0.855388, 0.774526, 0.862014, 0.792859, 0.773818, 0.865616, 0.747636, 0.703249, 0.704471, 0.748729, 0.703184, 0.84265, 0.861692, 0.703892, 0.84265, 0.78128, 0.702798, 0.84265, 0.84265, 0.800836, 0.826246, 0.827469, 0.862078, 0.827211, 0.824895, 0.815889, 0.817433, 0.842586, 0.904342, 0.702605, 0.88485, 0.842586, 0.842586, 0.84265, 0.842586, 0.842586, 0.861821, 0.702412, 0.890769, 0.811644, 0.842586, 0.702412, 0.842586, 0.842522, 0.842586, 0.81634, 0.842586, 0.896494, 0.842586, 0.807977, 0.842457, 0.899968, 0.702412, 0.791251, 0.848118, 0.84265, 0.702091, 0.701126, 0.671148, 0.843551, 0.844387, 0.842715, 0.842715, 0.837761, 0.843873, 0.844066, 0.843744, 0.843229, 0.842522, 0.843358, 0.843358, 0.84413, 0.764683, 0.842522, 0.844001, 0.858411, 0.84265, 0.84265, 0.844966, 0.842457, 0.869797, 0.84265, 0.842586, 0.841299, 0.833065, 0.771952, 0.854937, 0.844452, 0.860534, 0.885944, 0.843165, 0.842715, 0.842522, 0.844001, 0.860984, 0.842586, 0.84265, 0.88395, 0.842715, 0.768286, 0.841943, 0.784304, 0.852686, 0.758122, 0.842715, 0.844259, 0.86671, 0.842522, 0.844838, 0.843422, 0.85616, 0.844709, 0.891026, 0.842522, 0.85616, 0.842715, 0.842586, 0.851078, 0.842136, 0.852171, 0.784368, 0.843422, 0.772403, 0.842972, 0.860727, 0.799421, 0.87295, 0.844452, 0.799357, 0.852943, 0.857382, 0.874236, 0.842522, 0.848247, 0.764748, 0.843487, 0.843358, 0.827211, 0.836539, 0.842522, 0.84072, 0.843744, 0.842264, 0.836603, 0.8743, 0.779608, 0.844066, 0.86092, 0.773818, 0.859633, 0.84413, 0.842586, 0.834674, 0.766999, 0.843808, 0.843744, 0.842586, 0.844001, 0.842522]"
"[0.713551, 0.723842, 0.713551, 0.723842, 0.718696, 0.713551, 0.713551, 0.713551, 0.720412, 0.732419, 0.716981, 0.713551, 0.711835, 0.692967, 0.720412, 0.713551, 0.730703, 0.715266, 0.708405, 0.713551, 0.722127, 0.713551, 0.713551, 0.732419, 0.713551, 0.713551, 0.713551, 0.727273, 0.713551, 0.715266, 0.713551, 0.723842, 0.708405, 0.722127, 0.713551, 0.734134, 0.713551, 0.725557, 0.713551, 0.713551, 0.713551, 0.728988, 0.703259, 0.722127, 0.720412, 0.684391, 0.722127, 0.713551, 0.720412, 0.722127, 0.711835, 0.728988, 0.734134, 0.713551, 0.713551, 0.711835, 0.694683, 0.713551, 0.723842, 0.71012, 0.713551, 0.727273, 0.713551, 0.720412, 0.725557, 0.713551, 0.722127, 0.704974, 0.713551, 0.713551, 0.727273, 0.71012, 0.713551, 0.723842, 0.713551, 0.692967, 0.713551, 0.732419, 0.67753, 0.716981, 0.723842, 0.703259, 0.686106, 0.723842, 0.713551, 0.713551, 0.713551, 0.713551, 0.713551, 0.711835, 0.713551, 0.720412, 0.723842, 0.713551, 0.713551, 0.722127, 0.720412, 0.713551, 0.713551, 0.727273, 0.722127, 0.725557, 0.713551, 0.715266, 0.711835, 0.692967, 0.713551, 0.713551, 0.720412, 0.720412, 0.713551, 0.725557, 0.711835, 0.713551, 0.684391, 0.722127, 0.704974, 0.713551, 0.723842, 0.725557, 0.727273, 0.713551, 0.722127, 0.713551, 0.720412, 0.713551, 0.720412, 0.713551, 0.713551, 0.727273, 0.713551, 0.708405, 0.711835, 0.71012, 0.723842, 0.735849, 0.723842, 0.720412, 0.715266, 0.696398, 0.713551, 0.686106, 0.715266, 0.713551, 0.704974, 0.694683, 0.722127, 0.713551, 0.713551, 0.713551, 0.727273, 0.713551, 0.692967, 0.718696, 0.713551, 0.713551, 0.727273, 0.734134, 0.71012, 0.728988, 0.713551, 0.718696, 0.694683, 0.713551, 0.722127, 0.713551, 0.692967, 0.727273, 0.713551, 0.696398, 0.701544, 0.722127, 0.713551, 0.716981, 0.720412, 0.71012, 0.713551, 0.722127, 0.715266, 0.713551, 0.713551, 0.713551, 0.723842, 0.725557, 0.713551, 0.71012, 0.713551, 0.730703, 0.713551, 0.691252, 0.713551, 0.713551, 0.708405, 0.713551, 0.723842, 0.713551, 0.713551, 0.711835, 0.713551, 0.722127]","[0.930568, 0.929666, 0.93147, 0.929666, 0.927863, 0.930568, 0.930568, 0.92606, 0.92606, 0.920649, 0.930568, 0.930568, 0.930568, 0.930568, 0.92606, 0.932372, 0.929666, 0.930568, 0.930568, 0.92606, 0.930568, 0.930568, 0.930568, 0.935077, 0.930568, 0.930568, 0.930568, 0.93147, 0.930568, 0.93147, 0.912534, 0.933273, 0.932372, 0.933273, 0.927863, 0.92606, 0.926961, 0.929666, 0.923354, 0.930568, 0.930568, 0.937782, 0.930568, 0.928765, 0.929666, 0.930568, 0.930568, 0.930568, 0.928765, 0.930568, 0.92606, 0.93147, 0.930568, 0.927863, 0.930568, 0.930568, 0.930568, 0.928765, 0.930568, 0.930568, 0.929666, 0.927863, 0.930568, 0.927863, 0.932372, 0.93147, 0.930568, 0.93147, 0.929666, 0.92606, 0.917042, 0.926961, 0.927863, 0.929666, 0.930568, 0.932372, 0.930568, 0.926961, 0.927863, 0.930568, 0.930568, 0.92606, 0.930568, 0.92606, 0.928765, 0.930568, 0.932372, 0.93147, 0.928765, 0.93147, 0.926961, 0.930568, 0.926961, 0.933273, 0.927863, 0.93147, 0.930568, 0.930568, 0.930568, 0.932372, 0.930568, 0.918846, 0.93147, 0.926961, 0.930568, 0.927863, 0.930568, 0.93147, 0.92606, 0.93147, 0.914337, 0.929666, 0.930568, 0.930568, 0.920649, 0.930568, 0.930568, 0.928765, 0.930568, 0.930568, 0.92606, 0.915239, 0.92606, 0.930568, 0.92606, 0.930568, 0.928765, 0.93147, 0.930568, 0.929666, 0.92606, 0.929666, 0.929666, 0.929666, 0.926961, 0.928765, 0.930568, 0.930568, 0.930568, 0.927863, 0.928765, 0.930568, 0.930568, 0.927863, 0.93147, 0.932372, 0.930568, 0.930568, 0.930568, 0.924256, 0.930568, 0.926961, 0.93147, 0.928765, 0.929666, 0.929666, 0.930568, 0.92606, 0.929666, 0.930568, 0.930568, 0.930568, 0.930568, 0.930568, 0.930568, 0.930568, 0.930568, 0.930568, 0.919748, 0.927863, 0.927863, 0.926961, 0.927863, 0.929666, 0.930568, 0.930568, 0.927863, 0.930568, 0.930568, 0.928765, 0.929666, 0.930568, 0.930568, 0.930568, 0.930568, 0.92606, 0.93147, 0.928765, 0.930568, 0.930568, 0.932372, 0.930568, 0.92606, 0.930568, 0.927863, 0.93147, 0.930568, 0.92606, 0.932372, 0.93147]"
"[0.770053, 0.775401, 0.782086, 0.783422, 0.78877, 0.784759, 0.779412, 0.778075, 0.778075, 0.774064, 0.782086, 0.784759, 0.786096, 0.778075, 0.790107, 0.760695, 0.776738, 0.770053, 0.786096, 0.77139, 0.762032, 0.775401, 0.776738, 0.775401, 0.774064, 0.778075, 0.770053, 0.779412, 0.78877, 0.783422, 0.77139, 0.778075, 0.770053, 0.772727, 0.755348, 0.762032, 0.791444, 0.774064, 0.770053, 0.768717, 0.791444, 0.770053, 0.775401, 0.784759, 0.76738, 0.758021, 0.775401, 0.770053, 0.764706, 0.782086, 0.783422, 0.776738, 0.770053, 0.787433, 0.772727, 0.758021, 0.768717, 0.772727, 0.780749, 0.784759, 0.786096, 0.768717, 0.776738, 0.780749, 0.779412, 0.779412, 0.776738, 0.768717, 0.786096, 0.772727, 0.768717, 0.787433, 0.78877, 0.775401, 0.776738, 0.782086, 0.78877, 0.783422, 0.76738, 0.772727, 0.782086, 0.78877, 0.774064, 0.779412, 0.787433, 0.778075, 0.782086, 0.774064, 0.76738, 0.791444, 0.784759, 0.770053, 0.77139, 0.770053, 0.755348, 0.77139, 0.774064, 0.782086, 0.786096, 0.774064, 0.77139, 0.763369, 0.77139, 0.764706, 0.791444, 0.758021, 0.770053, 0.783422, 0.77139, 0.782086, 0.776738, 0.76738, 0.786096, 0.78877, 0.774064, 0.775401, 0.775401, 0.779412, 0.776738, 0.782086, 0.778075, 0.778075, 0.760695, 0.770053, 0.778075, 0.787433, 0.763369, 0.77139, 0.78877, 0.774064, 0.786096, 0.780749, 0.770053, 0.77139, 0.774064, 0.776738, 0.780749, 0.775401, 0.775401, 0.772727, 0.762032, 0.772727, 0.768717, 0.784759, 0.772727, 0.779412, 0.763369, 0.775401, 0.774064, 0.774064, 0.790107, 0.784759, 0.783422, 0.776738, 0.782086, 0.770053, 0.774064, 0.774064, 0.778075, 0.784759, 0.779412, 0.78877, 0.760695, 0.776738, 0.770053, 0.780749, 0.786096, 0.78877, 0.77139, 0.787433, 0.786096, 0.776738, 0.779412, 0.786096, 0.778075, 0.787433, 0.772727, 0.775401, 0.77139, 0.77139, 0.779412, 0.778075, 0.768717, 0.787433, 0.774064, 0.774064, 0.78877, 0.786096, 0.786096, 0.782086, 0.762032, 0.752674, 0.786096, 0.779412, 0.77139, 0.787433, 0.784759, 0.768717, 0.778075, 0.770053]","[0.971895, 0.983468, 0.981608, 0.979541, 0.980574, 0.975821, 0.974168, 0.969828, 0.984708, 0.963836, 0.965282, 0.978301, 0.977475, 0.982434, 0.982021, 0.983674, 0.984501, 0.984501, 0.983674, 0.970862, 0.983881, 0.979128, 0.969209, 0.980988, 0.984294, 0.976855, 0.980161, 0.984294, 0.977475, 0.981608, 0.981814, 0.984708, 0.981608, 0.976235, 0.981814, 0.984914, 0.982021, 0.983881, 0.981401, 0.980781, 0.984501, 0.982848, 0.983881, 0.973755, 0.984501, 0.976441, 0.982848, 0.985121, 0.973755, 0.982434, 0.984708, 0.984294, 0.977061, 0.982848, 0.983054, 0.984088, 0.983468, 0.982848, 0.979748, 0.980368, 0.978301, 0.983468, 0.982021, 0.979128, 0.972102, 0.983261, 0.971895, 0.980781, 0.974168, 0.976441, 0.966935, 0.984294, 0.980161, 0.983881, 0.983261, 0.983674, 0.973755, 0.984501, 0.971068, 0.979335, 0.979128, 0.984294, 0.982848, 0.978508, 0.978301, 0.974168, 0.983054, 0.984914, 0.983054, 0.981814, 0.976648, 0.976235, 0.977681, 0.982848, 0.983468, 0.984294, 0.976235, 0.973962, 0.980988, 0.971895, 0.983674, 0.984501, 0.981608, 0.983881, 0.978921, 0.983674, 0.971688, 0.974375, 0.973135, 0.980574, 0.973135, 0.976441, 0.983674, 0.980988, 0.978508, 0.981401, 0.984294, 0.974788, 0.981814, 0.976028, 0.977268, 0.976855, 0.970448, 0.982434, 0.979955, 0.979541, 0.977475, 0.984294, 0.981194, 0.980781, 0.971275, 0.984088, 0.983054, 0.977681, 0.969622, 0.982848, 0.984294, 0.982021, 0.980161, 0.984501, 0.981608, 0.973342, 0.982641, 0.982641, 0.983261, 0.982434, 0.976648, 0.982641, 0.984088, 0.984501, 0.977475, 0.983261, 0.983468, 0.984708, 0.983054, 0.980368, 0.979748, 0.983468, 0.973962, 0.981608, 0.983468, 0.982641, 0.977061, 0.976648, 0.984294, 0.980161, 0.981814, 0.976235, 0.983674, 0.981814, 0.982848, 0.967762, 0.983674, 0.984294, 0.979541, 0.984501, 0.979955, 0.984088, 0.982228, 0.972102, 0.982641, 0.972102, 0.984294, 0.980368, 0.969002, 0.981814, 0.975615, 0.982848, 0.981194, 0.979128, 0.980988, 0.982021, 0.983674, 0.984088, 0.984501, 0.983261, 0.974168, 0.984088, 0.984294, 0.983468]"
"[0.6510416666666667, 0.76953125, 0.76953125, 0.6510416666666667, 0.7734375, 0.6510416666666667, 0.6510416666666667, 0.6510416666666667, 0.6510416666666667, 0.7734375, 0.6510416666666667, 0.6510416666666667, 0.6510416666666667, 0.77734375, 0.6510416666666667, 0.6510416666666667, 0.6510416666666667, 0.6510416666666667, 0.6510416666666667, 0.6510416666666667, 0.7057291666666667, 0.6510416666666667, 0.6510416666666667, 0.77734375, 0.6510416666666667, 0.6510416666666667, 0.6510416666666667, 0.77734375, 0.6510416666666667, 0.6510416666666667, 0.6510416666666667, 0.6510416666666667, 0.77734375, 0.6510416666666667, 0.6510416666666667, 0.6510416666666667, 0.6510416666666667, 0.6510416666666667, 0.6510416666666667, 0.6510416666666667, 0.7682291666666667, 0.6510416666666667, 0.6575520833333333, 0.765625, 0.7734375, 0.6510416666666667, 0.6510416666666667, 0.77734375, 0.6510416666666667, 0.7734375, 0.7760416666666667, 0.6510416666666667, 0.6510416666666667, 0.6510416666666667, 0.6510416666666667, 0.6510416666666667, 0.6510416666666667, 0.6510416666666667, 0.6510416666666667, 0.7734375, 0.6510416666666667, 0.6510416666666667, 0.6510416666666667, 0.76953125, 0.7760416666666667, 0.6510416666666667, 0.6510416666666667, 0.6510416666666667, 0.7708333333333333, 0.7760416666666667, 0.6510416666666667, 0.7708333333333333, 0.7669270833333333, 0.6510416666666667, 0.6510416666666667, 0.6510416666666667, 0.6510416666666667, 0.7747395833333333, 0.6510416666666667, 0.765625, 0.6510416666666667, 0.7109375, 0.6510416666666667, 0.7734375, 0.6510416666666667, 0.765625, 0.6510416666666667, 0.6510416666666667, 0.76953125, 0.6510416666666667, 0.765625, 0.6510416666666667, 0.6510416666666667, 0.6510416666666667, 0.7369791666666667, 0.6510416666666667, 0.7760416666666667, 0.7682291666666667, 0.6510416666666667, 0.7552083333333333, 0.6510416666666667, 0.77734375, 0.6510416666666667, 0.6510416666666667, 0.6510416666666667, 0.7708333333333333, 0.6510416666666667, 0.77734375, 0.6510416666666667, 0.7708333333333333, 0.6510416666666667, 0.6510416666666667, 0.6510416666666667, 0.6510416666666667, 0.6510416666666667, 0.6796875, 0.7760416666666667, 0.6510416666666667, 0.6510416666666667, 0.6510416666666667, 0.7708333333333333, 0.7239583333333333, 0.6510416666666667, 0.7760416666666667, 0.6510416666666667, 0.76953125, 0.7747395833333333, 0.6510416666666667, 0.6510416666666667, 0.6510416666666667, 0.7721354166666667, 0.6510416666666667, 0.765625, 0.6510416666666667, 0.6510416666666667, 0.6510416666666667, 0.6510416666666667, 0.6510416666666667, 0.6510416666666667, 0.7734375, 0.7747395833333333, 0.7786458333333333, 0.7552083333333333, 0.76953125, 0.6510416666666667, 0.6510416666666667, 0.6510416666666667, 0.6510416666666667, 0.6510416666666667, 0.6510416666666667, 0.7760416666666667, 0.7513020833333333, 0.6588541666666667, 0.7669270833333333, 0.6510416666666667, 0.7760416666666667, 0.6510416666666667, 0.7369791666666667, 0.77734375, 0.77734375, 0.6510416666666667, 0.6614583333333333, 0.6510416666666667, 0.765625, 0.6510416666666667, 0.765625, 0.7669270833333333, 0.7747395833333333, 0.6783854166666667, 0.6510416666666667, 0.6510416666666667, 0.7682291666666667, 0.6510416666666667, 0.6510416666666667, 0.765625, 0.7747395833333333, 0.7669270833333333, 0.7734375, 0.76953125, 0.7395833333333333, 0.7734375, 0.6510416666666667, 0.6510416666666667, 0.76953125, 0.7760416666666667, 0.6510416666666667, 0.76953125, 0.76953125, 0.77734375, 0.6510416666666667, 0.7643229166666667, 0.7734375, 0.76953125, 0.7708333333333333, 0.6510416666666667, 0.77734375, 0.6510416666666667, 0.6510416666666667, 0.6510416666666667, 0.6510416666666667]","[0.746403, 0.496403, 0.746403, 0.746403, 0.746403, 0.746403, 0.746403, 0.496403, 0.746403, 0.746403, 0.746403, 0.746403, 0.746403, 0.746403, 0.746403, 0.746403, 0.746403, 0.496403, 0.746403, 0.746403, 0.746403, 0.496403, 0.496403, 0.496403, 0.496403, 0.496403, 0.496403, 0.496403, 0.746403, 0.496403, 0.496403, 0.746403, 0.496403, 0.496403, 0.496403, 0.496403, 0.496403, 0.496403, 0.746403, 0.746403, 0.746403, 0.496403, 0.746403, 0.746403, 0.496403, 0.746403, 0.496403, 0.496403, 0.496403, 0.496403, 0.746403, 0.746403, 0.496403, 0.496403, 0.746403, 0.746403, 0.746403, 0.746403, 0.746403, 0.746403, 0.746403, 0.496403, 0.496403, 0.746403, 0.496403, 0.746403, 0.746403, 0.746403, 0.746403, 0.496403, 0.746403, 0.746403, 0.496403, 0.496403, 0.746403, 0.496403, 0.746403, 0.746403, 0.496403, 0.746403, 0.746403, 0.496403, 0.746403, 0.496403, 0.746403, 0.496403, 0.496403, 0.496403, 0.746403, 0.746403, 0.496403, 0.496403, 0.496403, 0.746403, 0.496403, 0.496403, 0.496403, 0.746403, 0.746403, 0.746403, 0.496403, 0.746403, 0.746403, 0.746403, 0.746403, 0.746403, 0.746403, 0.746403, 0.496403, 0.746403, 0.746403, 0.496403, 0.746403, 0.496403, 0.496403, 0.746403, 0.746403, 0.496403, 0.496403, 0.746403, 0.746403, 0.746403, 0.496403, 0.746403, 0.496403, 0.746403, 0.496403, 0.496403, 0.746403, 0.746403, 0.496403, 0.496403, 0.746403, 0.496403, 0.496403, 0.746403, 0.496403, 0.496403, 0.496403, 0.746403, 0.746403, 0.496403, 0.496403, 0.746403, 0.496403, 0.496403, 0.746403, 0.746403, 0.746403, 0.496403, 0.496403, 0.496403, 0.496403, 0.746403, 0.746403, 0.746403, 0.496403, 0.496403, 0.496403, 0.496403, 0.496403, 0.746403, 0.746403, 0.496403, 0.746403, 0.746403, 0.746403, 0.496403, 0.746403, 0.746403, 0.746403, 0.746403, 0.496403, 0.496403, 0.746403, 0.496403, 0.496403, 0.746403, 0.746403, 0.496403, 0.746403, 0.746403, 0.746403, 0.496403, 0.746403, 0.746403, 0.746403, 0.496403, 0.746403, 0.746403, 0.496403, 0.496403, 0.496403, 0.746403, 0.746403, 0.496403, 0.496403, 0.496403, 0.496403, 0.496403]"
"[0.98688, 0.905248, 0.97449, 0.856414, 0.987609, 0.94898, 0.988338, 0.971574, 0.989067, 0.943878, 0.982507, 0.984694, 0.977405, 0.854956, 0.980321, 0.990525, 0.857143, 0.868805, 0.981778, 0.984694, 0.989796, 0.555394, 0.98105, 0.979592, 0.988338, 0.992711, 0.925656, 0.96793, 0.963557, 0.978134, 0.96137, 0.967201, 0.987609, 0.852041, 0.981778, 0.980321, 0.987609, 0.980321, 0.989067, 0.971574, 0.923469, 0.555394, 0.979592, 0.965743, 0.856414, 0.555394, 0.982507, 0.978134, 0.97449, 0.838921, 0.970117, 0.979592, 0.94898, 0.987609, 0.96137, 0.951166, 0.986152, 0.989796, 0.982507, 0.981778, 0.973032, 0.98688, 0.884111, 0.989067, 0.99344, 0.975948, 0.984694, 0.983965, 0.970845, 0.987609, 0.987609, 0.555394, 0.94898, 0.940962, 0.984694, 0.904519, 0.906706, 0.555394, 0.981778, 0.926385, 0.884111, 0.946064, 0.981778, 0.979592, 0.983236, 0.981778, 0.979592, 0.970845, 0.850583, 0.98105, 0.981778, 0.885569, 0.980321, 0.989067, 0.986152, 0.970845, 0.894315, 0.983236, 0.989796, 0.555394, 0.977405, 0.948251, 0.935131, 0.896501, 0.849854, 0.981778, 0.555394, 0.98688, 0.976676, 0.98105, 0.995627, 0.946793, 0.979592, 0.90379, 0.987609, 0.855685, 0.946793, 0.978134, 0.956997, 0.96793, 0.973761, 0.973761, 0.904519, 0.555394, 0.876822, 0.965743, 0.98105, 0.978134, 0.985423, 0.98105, 0.987609, 0.950437, 0.868076, 0.849125, 0.987609, 0.555394, 0.982507, 0.970845, 0.96137, 0.981778, 0.949708, 0.927114, 0.980321, 0.963557, 0.98105, 0.982507, 0.856414, 0.98105, 0.89723, 0.555394, 0.981778, 0.989796, 0.981778, 0.555394, 0.943149, 0.987609, 0.90379, 0.962828, 0.984694, 0.990525, 0.964286, 0.980321, 0.987609, 0.983236, 0.555394, 0.986152, 0.98105, 0.555394, 0.987609, 0.997085, 0.970117, 0.981778, 0.994169, 0.977405, 0.95481, 0.989067, 0.988338, 0.555394, 0.857872, 0.922741, 0.876093, 0.973761, 0.981778, 0.969388, 0.864431, 0.966472, 0.980321, 0.989796, 0.987609, 0.962099, 0.980321, 0.98688, 0.975948, 0.98688, 0.98105, 0.867347, 0.976676, 0.555394, 0.555394, 0.836006]","[0.688118, 0.77734, 0.774185, 0.716772, 0.853733, 0.811935, 0.786961, 0.767613, 0.790379, 0.768612, 0.774132, 0.763985, 0.791272, 0.786803, 0.787855, 0.785226, 0.789222, 0.785068, 0.748633, 0.789117, 0.786856, 0.784963, 0.749054, 0.783964, 0.785174, 0.784963, 0.754416, 0.766719, 0.778864, 0.782124, 0.787697, 0.788959, 0.78796, 0.78449, 0.841115, 0.784963, 0.785647, 0.791009, 0.780494, 0.788749, 0.83817, 0.772766, 0.812093, 0.785647, 0.791377, 0.787592, 0.787697, 0.788065, 0.861882, 0.756414, 0.780547, 0.790536, 0.791325, 0.790273, 0.785174, 0.784648, 0.791009, 0.863933, 0.783807, 0.871188, 0.86898, 0.762671, 0.789169, 0.785226, 0.788275, 0.791062, 0.680915, 0.788591, 0.757676, 0.790116, 0.784911, 0.784963, 0.866193, 0.787277, 0.789958, 0.790484, 0.789117, 0.761672, 0.781283, 0.64837, 0.79143, 0.783281, 0.791272, 0.789748, 0.78428, 0.7847, 0.819453, 0.791062, 0.7847, 0.774606, 0.868139, 0.871556, 0.786067, 0.787697, 0.783964, 0.789327, 0.766299, 0.784805, 0.787066, 0.778076, 0.786909, 0.785647, 0.785436, 0.788906, 0.772976, 0.778759, 0.777234, 0.754311, 0.784648, 0.867455, 0.78612, 0.771661, 0.784332, 0.687014, 0.788013, 0.78796, 0.7898, 0.788486, 0.864721, 0.787592, 0.786909, 0.745584, 0.78428, 0.744637, 0.861304, 0.790747, 0.784648, 0.790011, 0.785279, 0.789537, 0.727918, 0.786015, 0.78591, 0.773396, 0.791167, 0.842061, 0.78591, 0.789064, 0.777077, 0.780547, 0.790589, 0.78817, 0.785331, 0.787907, 0.782492, 0.784648, 0.789695, 0.737119, 0.785016, 0.785699, 0.715773, 0.786278, 0.775342, 0.813565, 0.659989, 0.772292, 0.807624, 0.777024, 0.777024, 0.777655, 0.781914, 0.769243, 0.78959, 0.863407, 0.786488, 0.790747, 0.78591, 0.791062, 0.800158, 0.718612, 0.770084, 0.784753, 0.790063, 0.790168, 0.788749, 0.788959, 0.770137, 0.772029, 0.788591, 0.788644, 0.774132, 0.780652, 0.784437, 0.871188, 0.784227, 0.874869, 0.811777, 0.760673, 0.673396, 0.741483, 0.815037, 0.732545, 0.788381, 0.860883, 0.785068, 0.785016, 0.791009, 0.758675, 0.831598, 0.776236]"
"[0.897633, 0.897633, 0.897633, 0.897633, 0.893794, 0.895074, 0.897633, 0.897633, 0.897633, 0.897633, 0.897633, 0.894434, 0.897633, 0.897633, 0.897633, 0.897633, 0.894434, 0.897633, 0.895074, 0.894434, 0.897633, 0.896353, 0.897633, 0.893794, 0.894434, 0.897633, 0.897633, 0.897633, 0.897633, 0.897633, 0.897633, 0.897633, 0.897633, 0.894434, 0.897633, 0.896993, 0.897633, 0.897633, 0.897633, 0.896353, 0.897633, 0.893154, 0.897633, 0.897633, 0.897633, 0.891875, 0.897633, 0.891875, 0.892514, 0.893794, 0.897633, 0.897633, 0.895074, 0.894434, 0.897633, 0.897633, 0.897633, 0.897633, 0.897633, 0.897633, 0.891875, 0.897633, 0.894434, 0.896353, 0.898912, 0.897633, 0.897633, 0.897633, 0.897633, 0.897633, 0.897633, 0.897633, 0.895713, 0.897633, 0.897633, 0.897633, 0.897633, 0.893154, 0.893154, 0.897633, 0.893794, 0.897633, 0.897633, 0.897633, 0.893154, 0.897633, 0.894434, 0.895713, 0.893794, 0.897633, 0.897633, 0.897633, 0.897633, 0.895074, 0.897633, 0.891875, 0.897633, 0.898273, 0.897633, 0.897633, 0.893154, 0.897633, 0.897633, 0.897633, 0.895074, 0.897633, 0.893154, 0.897633, 0.897633, 0.897633, 0.897633, 0.895074, 0.895713, 0.897633, 0.897633, 0.897633, 0.897633, 0.895074, 0.895074, 0.897633, 0.895074, 0.897633, 0.897633, 0.897633, 0.893794, 0.891875, 0.897633, 0.897633, 0.893154, 0.897633, 0.892514, 0.897633, 0.896993, 0.897633, 0.898273, 0.897633, 0.895713, 0.894434, 0.897633, 0.895074, 0.897633, 0.895074, 0.891875, 0.897633, 0.897633, 0.897633, 0.897633, 0.897633, 0.897633, 0.895074, 0.895074, 0.895074, 0.897633, 0.895074, 0.897633, 0.897633, 0.897633, 0.897633, 0.897633, 0.895713, 0.897633, 0.897633, 0.897633, 0.897633, 0.898912, 0.897633, 0.897633, 0.895074, 0.896353, 0.897633, 0.895713, 0.897633, 0.897633, 0.897633, 0.897633, 0.894434, 0.897633, 0.897633, 0.897633, 0.891875, 0.897633, 0.891875, 0.897633, 0.897633, 0.897633, 0.897633, 0.897633, 0.897633, 0.897633, 0.899552, 0.897633, 0.898273, 0.897633, 0.897633, 0.897633, 0.897633, 0.897633, 0.895713, 0.897633, 0.896353]","[0.746403, 0.496403, 0.496403, 0.496403, 0.496403, 0.496403, 0.496403, 0.496403, 0.746403, 0.496403, 0.746403, 0.496403, 0.746403, 0.496403, 0.496403, 0.746403, 0.496403, 0.746403, 0.496403, 0.746403, 0.746403, 0.746403, 0.746403, 0.746403, 0.746403, 0.496403, 0.496403, 0.746403, 0.496403, 0.496403, 0.746403, 0.496403, 0.746403, 0.496403, 0.746403, 0.496403, 0.746403, 0.746403, 0.496403, 0.496403, 0.496403, 0.496403, 0.496403, 0.496403, 0.496403, 0.496403, 0.496403, 0.746403, 0.746403, 0.496403, 0.496403, 0.496403, 0.496403, 0.496403, 0.496403, 0.746403, 0.692446, 0.496403, 0.496403, 0.746403, 0.496403, 0.746403, 0.496403, 0.496403, 0.496403, 0.496403, 0.496403, 0.496403, 0.746403, 0.746403, 0.496403, 0.746403, 0.746403, 0.746403, 0.746403, 0.746403, 0.746403, 0.496403, 0.746403, 0.746403, 0.746403, 0.746403, 0.496403, 0.496403, 0.496403, 0.496403, 0.496403, 0.496403, 0.746403, 0.746403, 0.496403, 0.746403, 0.496403, 0.496403, 0.746403, 0.496403, 0.746403, 0.516187, 0.746403, 0.746403, 0.746403, 0.496403, 0.496403, 0.496403, 0.496403, 0.746403, 0.746403, 0.496403, 0.746403, 0.746403, 0.746403, 0.496403, 0.496403, 0.496403, 0.746403, 0.746403, 0.496403, 0.496403, 0.496403, 0.496403, 0.746403, 0.496403, 0.746403, 0.496403, 0.496403, 0.746403, 0.746403, 0.496403, 0.496403, 0.746403, 0.746403, 0.746403, 0.496403, 0.746403, 0.496403, 0.496403, 0.496403, 0.746403, 0.496403, 0.496403, 0.496403, 0.496403, 0.746403, 0.496403, 0.746403, 0.496403, 0.496403, 0.746403, 0.746403, 0.496403, 0.496403, 0.496403, 0.746403, 0.496403, 0.496403, 0.496403, 0.746403, 0.496403, 0.746403, 0.746403, 0.746403, 0.496403, 0.746403, 0.496403, 0.496403, 0.496403, 0.746403, 0.746403, 0.496403, 0.496403, 0.496403, 0.746403, 0.496403, 0.496403, 0.746403, 0.496403, 0.496403, 0.496403, 0.746403, 0.746403, 0.496403, 0.746403, 0.746403, 0.496403, 0.746403, 0.496403, 0.746403, 0.496403, 0.746403, 0.496403, 0.746403, 0.496403, 0.746403, 0.496403, 0.496403, 0.496403, 0.746403, 0.496403, 0.746403, 0.496403]"
"[0.65391, 0.657238, 0.657238, 0.657238, 0.657238, 0.657238, 0.657238, 0.971714, 0.657238, 0.657238, 0.657238, 0.657238, 0.657238, 0.657238, 0.657238, 0.657238, 0.657238, 0.657238, 0.657238, 0.657238, 0.657238, 0.642263, 0.657238, 0.956739, 0.617304, 0.618968, 0.657238, 0.657238, 0.657238, 0.657238, 0.657238, 0.950083, 0.697171, 0.657238, 0.642263, 0.657238, 0.62396, 0.63228, 0.657238, 0.657238, 0.657238, 0.657238, 0.657238, 0.657238, 0.657238, 0.705491, 0.905158, 0.657238, 0.657238, 0.622296, 0.65391, 0.657238, 0.657238, 0.657238, 0.657238, 0.657238, 0.657238, 0.657238, 0.657238, 0.657238, 0.643927, 0.657238, 0.657238, 0.62396, 0.622296, 0.657238, 0.97005, 0.985025, 0.648918, 0.657238, 0.657238, 0.657238, 0.657238, 0.657238, 0.622296, 0.663894, 0.657238, 0.657238, 0.933444, 0.657238, 0.657238, 0.657238, 0.657238, 0.657238, 0.657238, 0.657238, 0.622296, 0.657238, 0.657238, 0.657238, 0.657238, 0.622296, 0.657238, 0.642263, 0.645591, 0.657238, 0.657238, 0.963394, 0.657238, 0.657238, 0.657238, 0.657238, 0.657238, 0.657238, 0.657238, 0.657238, 0.657238, 0.657238, 0.657238, 0.617304, 0.622296, 0.657238, 0.600666, 0.657238, 0.657238, 0.657238, 0.617304, 0.657238, 0.657238, 0.657238, 0.622296, 0.657238, 0.657238, 0.657238, 0.645591, 0.657238, 0.657238, 0.622296, 0.657238, 0.657238, 0.65391, 0.657238, 0.657238, 0.657238, 0.617304, 0.650582, 0.62396, 0.657238, 0.657238, 0.657238, 0.657238, 0.657238, 0.935108, 0.657238, 0.657238, 0.657238, 0.675541, 0.657238, 0.657238, 0.622296, 0.657238, 0.657238, 0.657238, 0.657238, 0.657238, 0.638935, 0.657238, 0.657238, 0.657238, 0.657238, 0.657238, 0.657238, 0.657238, 0.622296, 0.657238, 0.657238, 0.657238, 0.62396, 0.657238, 0.657238, 0.657238, 0.622296, 0.622296, 0.657238, 0.657238, 0.65391, 0.617304, 0.657238, 0.657238, 0.622296, 0.648918, 0.657238, 0.657238, 0.657238, 0.657238, 0.657238, 0.657238, 0.622296, 0.657238, 0.657238, 0.657238, 0.622296, 0.622296, 0.657238, 0.657238, 0.657238, 0.657238, 0.657238, 0.657238, 0.657238]","[0.653445, 0.705637, 0.843424, 0.903967, 0.653445, 0.944676, 0.653445, 0.729645, 0.769311, 0.913361, 0.863257, 0.653445, 0.346555, 0.653445, 0.653445, 0.653445, 0.653445, 0.844468, 0.843424, 0.807933, 0.653445, 0.989562, 0.881002, 0.346555, 0.735908, 0.653445, 0.789144, 0.653445, 0.956159, 0.653445, 0.728601, 0.84238, 0.7119, 0.346555, 0.983299, 0.653445, 0.74739, 0.346555, 0.822547, 0.346555, 0.653445, 0.983299, 0.728601, 0.93737, 0.653445, 0.653445, 0.653445, 0.653445, 0.832985, 0.346555, 0.824635, 0.980167, 0.653445, 0.741127, 0.653445, 0.346555, 0.979123, 0.653445, 0.729645, 0.653445, 0.653445, 0.991649, 0.891441, 0.742171, 0.653445, 0.899791, 0.978079, 0.653445, 0.756785, 0.983299, 0.983299, 0.776618, 0.780793, 0.74739, 0.982255, 0.930063, 0.653445, 0.965553, 0.346555, 0.735908, 0.967641, 0.653445, 0.346555, 0.750522, 0.653445, 0.653445, 0.346555, 0.983299, 0.681628, 0.983299, 0.653445, 0.951983, 0.653445, 0.981211, 0.653445, 0.983299, 0.653445, 0.653445, 0.983299, 0.653445, 0.789144, 0.983299, 0.653445, 0.983299, 0.653445, 0.653445, 0.346555, 0.653445, 0.653445, 0.7881, 0.982255, 0.975992, 0.724426, 0.702505, 0.653445, 0.983299, 0.782881, 0.653445, 0.677453, 0.717119, 0.95929, 0.998956, 0.844468, 0.346555, 0.653445, 0.947808, 0.65762, 0.983299, 0.653445, 0.346555, 0.948852, 0.979123, 0.653445, 0.94572, 0.829854, 0.653445, 0.653445, 0.758873, 0.653445, 0.730689, 0.983299, 0.653445, 0.983299, 0.346555, 0.977035, 0.653445, 0.346555, 0.979123, 0.757829, 0.653445, 0.653445, 0.653445, 0.653445, 0.750522, 0.84238, 0.979123, 0.713987, 0.346555, 0.664927, 0.983299, 0.983299, 0.741127, 0.653445, 0.653445, 0.990605, 0.991649, 0.964509, 0.346555, 0.878914, 0.653445, 0.653445, 0.920668, 0.753653, 0.781837, 0.74739, 0.786013, 0.983299, 0.772443, 0.983299, 0.746347, 0.983299, 0.776618, 0.653445, 0.782881, 0.660752, 0.862213, 0.751566, 0.653445, 0.346555, 0.827766, 0.754697, 0.736952, 0.826722, 0.987474, 0.983299, 0.653445, 0.864301, 0.346555, 0.983299, 0.653445]"
"[0.7881, 0.982255, 0.892484, 0.812109, 0.844468, 0.818372, 0.919624, 0.991649, 0.946764, 0.847599, 0.890397, 0.848643, 0.894572, 0.947808, 0.848643, 0.969729, 0.98643, 0.920668, 0.985386, 0.757829, 0.903967, 0.888309, 0.943633, 0.990605, 0.91858, 0.878914, 0.787056, 0.955115, 0.847599, 0.777662, 0.989562, 0.899791, 0.9238, 0.985386, 0.831942, 0.834029, 0.930063, 0.981211, 0.990605, 0.794363, 0.946764, 0.985386, 0.772443, 0.777662, 0.985386, 0.887265, 0.980167, 0.839248, 0.990605, 0.768267, 0.931106, 0.989562, 0.989562, 0.987474, 0.892484, 0.953027, 0.962422, 0.933194, 0.990605, 0.874739, 0.763048, 0.814196, 0.989562, 0.885177, 0.984342, 0.988518, 0.902923, 0.838205, 0.889353, 0.988518, 0.989562, 0.987474, 0.988518, 0.990605, 0.89666, 0.960334, 0.859081, 0.989562, 0.941545, 0.886221, 0.834029, 0.852818, 0.888309, 0.866388, 0.982255, 0.991649, 0.722338, 0.873695, 0.930063, 0.98643, 0.829854, 0.920668, 0.764092, 0.944676, 0.90501, 0.888309, 0.915449, 0.985386, 0.907098, 0.75261, 0.987474, 0.906054, 0.915449, 0.988518, 0.982255, 0.726514, 0.875783, 0.909186, 0.922756, 0.780793, 0.85595, 0.7881, 0.846555, 0.991649, 0.984342, 0.768267, 0.741127, 0.913361, 0.930063, 0.862213, 0.974948, 0.936326, 0.795407, 0.925887, 0.866388, 0.987474, 0.990605, 0.908142, 0.856994, 0.9238, 0.860125, 0.769311, 0.777662, 0.89666, 0.971816, 0.887265, 0.936326, 0.947808, 0.891441, 0.830898, 0.679541, 0.924843, 0.990605, 0.985386, 0.691023, 0.900835, 0.860125, 0.990605, 0.990605, 0.927975, 0.74739, 0.753653, 0.944676, 0.991649, 0.915449, 0.901879, 0.94572, 0.841336, 0.862213, 0.864301, 0.91858, 0.781837, 0.736952, 0.978079, 0.983299, 0.949896, 0.930063, 0.989562, 0.924843, 0.767223, 0.983299, 0.990605, 0.85595, 0.968685, 0.991649, 0.943633, 0.988518, 0.990605, 0.77453, 0.974948, 0.949896, 0.98643, 0.796451, 0.951983, 0.984342, 0.868476, 0.807933, 0.875783, 0.818372, 0.829854, 0.80167, 0.960334, 0.933194, 0.811065, 0.990605, 0.921712, 0.983299, 0.881002, 0.850731, 0.991649]","[0.992804, 0.960889, 0.995307, 0.991552, 0.984981, 0.994994, 0.986233, 0.99562, 0.992178, 0.994994, 0.992178, 0.994368, 0.996245, 0.994055, 0.891427, 0.995307, 0.994368, 0.974343, 0.994994, 0.968711, 0.973404, 0.991552, 0.996558, 0.99562, 0.994681, 0.984981, 0.983417, 0.995932, 0.988423, 0.986859, 0.993429, 0.979036, 0.986546, 0.996245, 0.971527, 0.985294, 0.984981, 0.98373, 0.991552, 0.993429, 0.995307, 0.991239, 0.996558, 0.984355, 0.980601, 0.970588, 0.969337, 0.995307, 0.889237, 0.975594, 0.970588, 0.992491, 0.949625, 0.878598, 0.984668, 0.995307, 0.972778, 0.979349, 0.988736, 0.9903, 0.996245, 0.972466, 0.996245, 0.984355, 0.990926, 0.99562, 0.992804, 0.986546, 0.990613, 0.984355, 0.9903, 0.994681, 0.971527, 0.983417, 0.960263, 0.994681, 0.990926, 0.976533, 0.994681, 0.986859, 0.962766, 0.991552, 0.958073, 0.959324, 0.994994, 0.994994, 0.994368, 0.993429, 0.969024, 0.991239, 0.995932, 0.972778, 0.993429, 0.991552, 0.995307, 0.991865, 0.995307, 0.995932, 0.984355, 0.995307, 0.985294, 0.988423, 0.890488, 0.994681, 0.981539, 0.996245, 0.99562, 0.960576, 0.993429, 0.970588, 0.996558, 0.983104, 0.991552, 0.994055, 0.986233, 0.962766, 0.995307, 0.982165, 0.975282, 0.990926, 0.96214, 0.980914, 0.967146, 0.969024, 0.991865, 0.992804, 0.993116, 0.888924, 0.994055, 0.992491, 0.992178, 0.988736, 0.975907, 0.889862, 0.988736, 0.994994, 0.996245, 0.994994, 0.987484, 0.978098, 0.986859, 0.991552, 0.980914, 0.986859, 0.993742, 0.992804, 0.994994, 0.993116, 0.995307, 0.994681, 0.887985, 0.969337, 0.98592, 0.992804, 0.993429, 0.962453, 0.984668, 0.994681, 0.991865, 0.995307, 0.989987, 0.991865, 0.994994, 0.99562, 0.984981, 0.951189, 0.991865, 0.988423, 0.894243, 0.994055, 0.994681, 0.97184, 0.9903, 0.993742, 0.98592, 0.995307, 0.994681, 0.996558, 0.9903, 0.993429, 0.995932, 0.99562, 0.991865, 0.994994, 0.994994, 0.978098, 0.993116, 0.993116, 0.992804, 0.98373, 0.994055, 0.97184, 0.960889, 0.987171, 0.995307, 0.989675, 0.994681, 0.970588, 0.99562, 0.994994]"
"[0.883015, 0.883126, 0.883015, 0.898454, 0.883015, 0.883015, 0.906439, 0.903652, 0.907965, 0.890425, 0.907368, 0.905178, 0.903077, 0.906947, 0.907523, 0.900511, 0.897901, 0.883015, 0.906992, 0.906372, 0.883015, 0.907545, 0.907191, 0.906793, 0.906129, 0.906748, 0.883015, 0.883015, 0.883015, 0.90635, 0.904205, 0.901174, 0.9075, 0.904337, 0.906372, 0.90666, 0.883015, 0.905886, 0.900002, 0.904492, 0.883015, 0.899007, 0.904116, 0.906041, 0.883015, 0.890049, 0.906748, 0.901595, 0.907965, 0.906682, 0.906815, 0.903563, 0.906372, 0.903895, 0.88912, 0.883015, 0.900378, 0.897083, 0.900644, 0.890159, 0.898144, 0.901064, 0.902148, 0.883015, 0.906815, 0.906859, 0.898941, 0.903696, 0.89852, 0.905488, 0.883015, 0.883015, 0.906063, 0.905687, 0.893367, 0.883015, 0.901462, 0.883015, 0.883015, 0.893035, 0.907478, 0.902369, 0.883015, 0.902347, 0.905665, 0.907611, 0.900179, 0.906063, 0.899073, 0.906881, 0.901484, 0.906439, 0.906881, 0.905753, 0.905067, 0.907876, 0.906129, 0.906527, 0.90635, 0.90666, 0.906594, 0.907279, 0.907146, 0.904979, 0.907434, 0.906461, 0.906571, 0.906306, 0.903696, 0.903165, 0.906041, 0.906018, 0.906129, 0.906195, 0.903254, 0.896198, 0.903917, 0.905311, 0.903939, 0.906041, 0.905289, 0.900113, 0.903431, 0.904426, 0.905797, 0.90677, 0.907766, 0.907589, 0.895313, 0.902081, 0.90593, 0.906925, 0.90635, 0.907058, 0.907921, 0.906439, 0.883015, 0.883015, 0.904669, 0.907368, 0.883015, 0.906439, 0.893588, 0.906394, 0.906992, 0.896773, 0.907744, 0.905731, 0.885957, 0.90175, 0.907832, 0.908098, 0.899471, 0.896707, 0.902391, 0.906616, 0.9052, 0.898122, 0.883037, 0.904935, 0.905886, 0.900843, 0.906107, 0.907899, 0.890248, 0.907478, 0.905841, 0.905067, 0.90374, 0.90624, 0.907169, 0.901506, 0.905996, 0.904581, 0.889761, 0.883015, 0.905908, 0.905886, 0.894229, 0.901174, 0.907567, 0.904581, 0.905886, 0.901573, 0.906704, 0.90624, 0.905333, 0.88996, 0.905598, 0.905687, 0.905399, 0.900268, 0.901042, 0.907478, 0.906527, 0.889253, 0.905908, 0.906461, 0.883391, 0.907478]","[0.766927, 0.765625, 0.755208, 0.773438, 0.777344, 0.751302, 0.759115, 0.769531, 0.736979, 0.766927, 0.757812, 0.755208, 0.773438, 0.773438, 0.651042, 0.761719, 0.773438, 0.721354, 0.760417, 0.769531, 0.651042, 0.744792, 0.765625, 0.763021, 0.770833, 0.651042, 0.765625, 0.770833, 0.761719, 0.768229, 0.759115, 0.772135, 0.766927, 0.651042, 0.772135, 0.75, 0.772135, 0.773438, 0.768229, 0.770833, 0.651042, 0.764323, 0.763021, 0.763021, 0.757812, 0.768229, 0.770833, 0.765625, 0.759115, 0.757812, 0.726562, 0.670573, 0.763021, 0.772135, 0.776042, 0.770833, 0.766927, 0.773438, 0.77474, 0.773438, 0.763021, 0.765625, 0.651042, 0.773438, 0.739583, 0.763021, 0.651042, 0.772135, 0.764323, 0.779948, 0.770833, 0.757812, 0.776042, 0.765625, 0.773438, 0.776042, 0.651042, 0.773438, 0.651042, 0.772135, 0.770833, 0.764323, 0.766927, 0.763021, 0.761719, 0.651042, 0.768229, 0.772135, 0.765625, 0.731771, 0.651042, 0.651042, 0.761719, 0.772135, 0.755208, 0.766927, 0.651042, 0.716146, 0.766927, 0.744792, 0.773438, 0.772135, 0.765625, 0.651042, 0.760417, 0.770833, 0.744792, 0.651042, 0.744792, 0.776042, 0.765625, 0.766927, 0.744792, 0.751302, 0.752604, 0.765625, 0.768229, 0.651042, 0.760417, 0.765625, 0.772135, 0.654948, 0.770833, 0.766927, 0.763021, 0.766927, 0.651042, 0.764323, 0.776042, 0.773438, 0.765625, 0.769531, 0.765625, 0.651042, 0.761719, 0.752604, 0.768229, 0.777344, 0.766927, 0.757812, 0.651042, 0.748698, 0.710938, 0.777344, 0.760417, 0.739583, 0.651042, 0.651042, 0.768229, 0.757812, 0.769531, 0.776042, 0.735677, 0.736979, 0.770833, 0.71875, 0.763021, 0.773438, 0.769531, 0.768229, 0.747396, 0.747396, 0.760417, 0.764323, 0.766927, 0.770833, 0.651042, 0.651042, 0.77474, 0.764323, 0.651042, 0.779948, 0.760417, 0.760417, 0.742188, 0.772135, 0.651042, 0.651042, 0.763021, 0.772135, 0.752604, 0.651042, 0.738281, 0.759115, 0.760417, 0.752604, 0.770833, 0.766927, 0.765625, 0.75651, 0.765625, 0.770833, 0.770833, 0.770833, 0.759115, 0.651042, 0.651042, 0.764323, 0.766927, 0.748698]"
"[0.923807, 0.714377, 0.945742, 0.959814, 0.961294, 0.966372, 0.949659, 0.714377, 0.860699, 0.714377, 0.889105, 0.961352, 0.952822, 0.933556, 0.968809, 0.966807, 0.814653, 0.92311, 0.961787, 0.927753, 0.936486, 0.959002, 0.714377, 0.964776, 0.920093, 0.936951, 0.956478, 0.945365, 0.969737, 0.945191, 0.961439, 0.954766, 0.96112, 0.926766, 0.714377, 0.966488, 0.961555, 0.714377, 0.965385, 0.956652, 0.962861, 0.963992, 0.970028, 0.965965, 0.968954, 0.950471, 0.965907, 0.96466, 0.960162, 0.867141, 0.964486, 0.96965, 0.964979, 0.960975, 0.9673, 0.955375, 0.932018, 0.915654, 0.930973, 0.944291, 0.935268, 0.935558, 0.915567, 0.945365, 0.874017, 0.964225, 0.949021, 0.953054, 0.714377, 0.961526, 0.966575, 0.951255, 0.866357, 0.949195, 0.925258, 0.959785, 0.948934, 0.968055, 0.872334, 0.96907, 0.954795, 0.965617, 0.957899, 0.961207, 0.907761, 0.967648, 0.963789, 0.857101, 0.963383, 0.952561, 0.961613, 0.861309, 0.939707, 0.965443, 0.964457, 0.903641, 0.944407, 0.954301, 0.967851, 0.951516, 0.714377, 0.861744, 0.942637, 0.936922, 0.966894, 0.919193, 0.964689, 0.963035, 0.958538, 0.93579, 0.967068, 0.954069, 0.967387, 0.952938, 0.965414, 0.963064, 0.936718, 0.954301, 0.960046, 0.967706, 0.955027, 0.965733, 0.960975, 0.969882, 0.961874, 0.956797, 0.919977, 0.857711, 0.968055, 0.862701, 0.93489, 0.949369, 0.859103, 0.968548, 0.959089, 0.951168, 0.966517, 0.946729, 0.93344, 0.959814, 0.963992, 0.92459, 0.964863, 0.93727, 0.909473, 0.923255, 0.934339, 0.714377, 0.964718, 0.92224, 0.954737, 0.942202, 0.969273, 0.859974, 0.96672, 0.958741, 0.960308, 0.961149, 0.926882, 0.966024, 0.952938, 0.952241, 0.964834, 0.944581, 0.869433, 0.886203, 0.940084, 0.864645, 0.966546, 0.966807, 0.930364, 0.969853, 0.957203, 0.969244, 0.95993, 0.714377, 0.922182, 0.963151, 0.93254, 0.910924, 0.968838, 0.961729, 0.966749, 0.926186, 0.954505, 0.921253, 0.943102, 0.714377, 0.714377, 0.965008, 0.949601, 0.969041, 0.9084, 0.968548, 0.940461, 0.906949, 0.714377, 0.966778, 0.96199, 0.968809]","[0.899552, 0.895074, 0.899552, 0.897633, 0.896993, 0.90531, 0.897633, 0.897633, 0.894434, 0.896993, 0.899552, 0.897633, 0.897633, 0.897633, 0.897633, 0.903391, 0.899552, 0.897633, 0.897633, 0.897633, 0.896993, 0.880998, 0.897633, 0.899552, 0.897633, 0.897633, 0.896353, 0.897633, 0.901472, 0.898273, 0.904031, 0.897633, 0.897633, 0.897633, 0.897633, 0.904671, 0.902751, 0.889955, 0.897633, 0.897633, 0.897633, 0.897633, 0.903391, 0.891235, 0.898273, 0.897633, 0.902111, 0.897633, 0.897633, 0.902751, 0.901472, 0.897633, 0.897633, 0.898912, 0.903391, 0.899552, 0.897633, 0.897633, 0.897633, 0.900832, 0.900192, 0.900192, 0.900192, 0.899552, 0.90531, 0.891235, 0.895713, 0.895713, 0.902111, 0.902111, 0.900192, 0.897633, 0.899552, 0.896993, 0.897633, 0.897633, 0.897633, 0.897633, 0.897633, 0.898912, 0.897633, 0.902751, 0.897633, 0.898912, 0.896353, 0.897633, 0.900832, 0.898912, 0.899552, 0.897633, 0.897633, 0.896993, 0.900832, 0.897633, 0.897633, 0.901472, 0.902751, 0.90531, 0.897633, 0.895713, 0.897633, 0.897633, 0.902751, 0.900192, 0.896353, 0.904671, 0.897633, 0.895713, 0.897633, 0.896353, 0.899552, 0.897633, 0.903391, 0.897633, 0.897633, 0.899552, 0.897633, 0.897633, 0.900832, 0.898912, 0.896353, 0.898273, 0.897633, 0.896353, 0.900192, 0.896993, 0.897633, 0.897633, 0.897633, 0.897633, 0.897633, 0.899552, 0.897633, 0.897633, 0.901472, 0.903391, 0.896993, 0.900832, 0.896353, 0.897633, 0.897633, 0.902111, 0.897633, 0.896353, 0.897633, 0.900192, 0.898912, 0.897633, 0.898273, 0.897633, 0.903391, 0.896353, 0.900832, 0.897633, 0.900192, 0.897633, 0.896993, 0.897633, 0.887396, 0.901472, 0.897633, 0.895713, 0.898912, 0.897633, 0.897633, 0.897633, 0.90595, 0.900192, 0.897633, 0.899552, 0.902111, 0.900192, 0.898912, 0.895074, 0.897633, 0.898912, 0.897633, 0.898273, 0.896353, 0.897633, 0.899552, 0.897633, 0.902111, 0.897633, 0.899552, 0.897633, 0.896993, 0.897633, 0.895713, 0.897633, 0.896993, 0.902111, 0.901472, 0.896993, 0.896353, 0.897633, 0.897633, 0.897633, 0.897633, 0.896993]"
"[0.686106, 0.701544, 0.703259, 0.696398, 0.708405, 0.715266, 0.692967, 0.70669, 0.694683, 0.687822, 0.696398, 0.70669, 0.698113, 0.692967, 0.699828, 0.701544, 0.703259, 0.703259, 0.703259, 0.692967, 0.699828, 0.694683, 0.694683, 0.682676, 0.704974, 0.694683, 0.715266, 0.70669, 0.71012, 0.692967, 0.687822, 0.698113, 0.708405, 0.684391, 0.698113, 0.703259, 0.699828, 0.689537, 0.699828, 0.689537, 0.696398, 0.687822, 0.674099, 0.727273, 0.713551, 0.689537, 0.682676, 0.708405, 0.703259, 0.689537, 0.696398, 0.689537, 0.704974, 0.692967, 0.701544, 0.70669, 0.703259, 0.699828, 0.682676, 0.687822, 0.70669, 0.703259, 0.704974, 0.70669, 0.711835, 0.698113, 0.711835, 0.699828, 0.718696, 0.694683, 0.718696, 0.692967, 0.696398, 0.70669, 0.70669, 0.70669, 0.708405, 0.675815, 0.703259, 0.694683, 0.720412, 0.701544, 0.698113, 0.70669, 0.703259, 0.704974, 0.704974, 0.692967, 0.696398, 0.699828, 0.689537, 0.704974, 0.701544, 0.701544, 0.703259, 0.696398, 0.718696, 0.698113, 0.694683, 0.718696, 0.696398, 0.698113, 0.722127, 0.704974, 0.713551, 0.71012, 0.680961, 0.701544, 0.70669, 0.687822, 0.704974, 0.70669, 0.701544, 0.698113, 0.701544, 0.701544, 0.703259, 0.703259, 0.720412, 0.684391, 0.699828, 0.703259, 0.71012, 0.71012, 0.703259, 0.704974, 0.694683, 0.699828, 0.691252, 0.686106, 0.684391, 0.70669, 0.699828, 0.682676, 0.701544, 0.713551, 0.689537, 0.696398, 0.701544, 0.691252, 0.662093, 0.696398, 0.704974, 0.703259, 0.701544, 0.698113, 0.696398, 0.679245, 0.699828, 0.704974, 0.708405, 0.696398, 0.689537, 0.704974, 0.70669, 0.687822, 0.686106, 0.67753, 0.692967, 0.699828, 0.687822, 0.675815, 0.689537, 0.701544, 0.711835, 0.699828, 0.696398, 0.687822, 0.689537, 0.701544, 0.704974, 0.701544, 0.694683, 0.71012, 0.682676, 0.703259, 0.703259, 0.703259, 0.708405, 0.708405, 0.703259, 0.703259, 0.703259, 0.701544, 0.70669, 0.708405, 0.704974, 0.689537, 0.701544, 0.656947, 0.711835, 0.675815, 0.696398, 0.704974, 0.698113, 0.699828, 0.691252, 0.696398, 0.692967, 0.701544]","[0.937782, 0.935978, 0.935978, 0.930568, 0.935978, 0.934175, 0.933273, 0.941389, 0.938683, 0.941389, 0.938683, 0.937782, 0.937782, 0.938683, 0.937782, 0.935978, 0.937782, 0.938683, 0.939585, 0.939585, 0.93688, 0.935978, 0.932372, 0.935077, 0.933273, 0.93688, 0.938683, 0.934175, 0.93688, 0.939585, 0.934175, 0.938683, 0.935077, 0.939585, 0.937782, 0.939585, 0.939585, 0.937782, 0.941389, 0.935978, 0.93147, 0.93147, 0.93147, 0.935978, 0.935978, 0.935077, 0.939585, 0.939585, 0.938683, 0.933273, 0.93688, 0.93147, 0.939585, 0.935077, 0.938683, 0.94229, 0.93688, 0.937782, 0.934175, 0.935978, 0.93147, 0.935978, 0.93688, 0.939585, 0.939585, 0.933273, 0.937782, 0.93147, 0.93688, 0.93688, 0.935978, 0.940487, 0.937782, 0.940487, 0.940487, 0.938683, 0.935978, 0.93688, 0.935978, 0.935077, 0.938683, 0.938683, 0.935978, 0.935978, 0.930568, 0.939585, 0.929666, 0.935077, 0.935077, 0.934175, 0.933273, 0.935077, 0.933273, 0.93688, 0.932372, 0.934175, 0.938683, 0.935077, 0.932372, 0.930568, 0.930568, 0.935077, 0.93688, 0.933273, 0.929666, 0.933273, 0.937782, 0.940487, 0.93688, 0.937782, 0.93147, 0.93688, 0.935978, 0.94229, 0.935978, 0.935077, 0.939585, 0.939585, 0.935978, 0.930568, 0.939585, 0.93688, 0.937782, 0.941389, 0.935978, 0.938683, 0.93688, 0.935978, 0.937782, 0.933273, 0.935978, 0.938683, 0.939585, 0.938683, 0.935978, 0.93688, 0.93688, 0.940487, 0.937782, 0.935978, 0.935978, 0.929666, 0.940487, 0.941389, 0.935978, 0.93688, 0.935077, 0.935077, 0.93688, 0.937782, 0.932372, 0.935077, 0.93688, 0.940487, 0.93688, 0.935077, 0.937782, 0.935978, 0.93688, 0.940487, 0.934175, 0.938683, 0.934175, 0.935978, 0.93688, 0.934175, 0.935077, 0.937782, 0.938683, 0.935978, 0.935077, 0.932372, 0.94229, 0.935077, 0.93688, 0.937782, 0.935077, 0.93688, 0.941389, 0.935077, 0.939585, 0.937782, 0.93688, 0.937782, 0.935978, 0.93688, 0.93147, 0.940487, 0.93688, 0.934175, 0.93688, 0.93147, 0.935077, 0.938683, 0.93688, 0.933273, 0.935077, 0.934175, 0.93688, 0.935077]"
